title,author,section
Under Threat From Endangered Elephants,Wang Wanchun,animals
The Triple Killing on Lunar New Year’s Eve,Wang Jian,violence
How Dyslexia Remains Invisible in Chinese Schools,Cai Yiwen,disability
The Blind Counselors Helping People Face Themselves in the Dark,Wang Lianzhang,disability
China’s Gay and Disabled Face Double Discrimination,Fan Yiying,LGBT
Easing Their Pain: The Center Providing Hospice Care to Orphans,Ni Dandan,health
"Reinventing ‘Nianhua,’ a Faded Chinese New Year Tradition",Fu Danni,vivid tones
Starting From Scratch: China’s DJ Kids,Kenrick Davis,music
Chinese Travelers Set to See Mile-High Airfares,Bibek Bhandari,transport
The Fading Embers of a Centuries-Old Fireworks Ritual,Yin Yijun,Chinese New Year
"Saving China’s Soul, One Village at a Time",Denise Hruby,rural China
"With Seabed Nursery, Divers Aim to Save Shenzhen Coral",Li You,environment
On the Cold Trail of a Child Trafficker,Ming Que,crime
How Protection Orders Leave Domestic Abuse Victims Vulnerable,Fu Danni,law & justice
Brewing Trouble,Zhang Liping,interactive
Out of Her Hands: Trials and Trauma of a Blind Masseuse,Joyce Siu,disability
"Shipwrecked for 32 Hours, Adrift for a Year",Yuan Lu,disasters
The Sex Doll Who’ll Do Your Dishes,Chen Na,technology
The Former Doctor Fighting China’s Health Rumor Epidemic,Wang Yiwei,health
The Maybe-Magic Well Water of Twins Town,Fan Yiying,family
